id,calc,cond,gravity,osmo,ph,target,urea
364,1.06,25.3,1.017,527,7.38,0,87
329,1.32,17.4,1.017,577,5.21,0,87
154,2.21,25.7,1.021,779,5.33,0,311
70,9.39,21.4,1.025,442,6.03,1,398
41,2.45,23.6,1.021,907,6.13,1,448
201,3.98,20.8,1.018,527,7.61,1,75
347,2.03,8.1,1.008,395,6.88,0,87
343,4.54,29.0,1.023,779,5.62,1,311
378,2.21,21.4,1.008,321,6.58,0,101
370,3.16,20.8,1.015,531,7.92,1,187
46,1.38,19.7,1.02,702,5.16,0,199
212,7.64,25.7,1.025,721,5.53,1,325
21,4.18,29.0,1.018,874,5.35,1,457
264,1.4,5.1,1.017,364,6.81,0,159
397,3.01,17.9,1.011,456,5.44,0,164
371,4.54,29.0,1.027,840,5.24,0,395
245,12.68,23.6,1.031,703,5.24,1,364
29,3.98,11.2,1.015,416,6.61,0,178
138,1.16,8.4,1.01,187,6.52,0,72
213,3.34,20.0,1.017,577,5.74,0,296
157,1.16,17.9,1.026,577,6.19,1,164
247,0.58,14.0,1.017,487,6.27,0,198
304,2.33,33.8,1.02,702,5.66,0,330
322,4.18,21.4,1.021,779,5.71,1,382
127,2.21,25.7,1.021,779,5.98,0,382
77,4.49,29.0,1.017,631,6.24,0,457
396,4.18,24.5,1.022,840,6.29,1,395
145,1.27,27.6,1.008,907,5.47,1,448
111,0.58,25.3,1.017,760,6.79,1,199
96,1.45,21.9,1.018,543,5.66,0,170
5,2.64,28.4,1.025,947,6.9,1,395
273,0.58,14.0,1.021,838,4.81,1,486
390,4.49,33.6,1.02,876,5.68,0,308
253,4.49,27.9,1.017,838,5.87,1,385
277,12.68,38.0,1.022,970,5.4,0,394
227,14.34,26.1,1.025,840,5.16,1,395
407,3.04,29.0,1.014,749,5.68,1,212
161,4.49,29.0,1.025,876,5.68,1,308
265,1.05,12.2,1.008,341,6.13,0,125
163,8.94,11.2,1.02,631,5.94,0,422
140,3.3,17.8,1.013,456,5.41,1,164
230,0.77,12.8,1.017,455,6.76,0,270
23,1.53,23.6,1.007,704,5.87,0,260
108,2.31,17.4,1.02,658,5.71,1,239
187,3.16,20.9,1.012,442,5.62,1,195
311,1.27,8.8,1.011,242,5.64,0,64
298,8.28,17.4,1.02,874,5.58,1,516
209,7.64,29.0,1.023,840,5.58,0,395
39,1.05,17.9,1.01,443,6.63,0,124
92,2.64,10.9,1.011,364,6.13,0,159
189,1.16,33.8,1.008,410,5.66,0,75
101,3.46,22.2,1.018,854,5.85,0,270
318,7.31,29.0,1.02,853,5.36,0,364
57,6.99,23.6,1.021,774,5.35,1,301
356,5.54,29.0,1.024,866,5.53,1,360
360,8.48,19.5,1.024,781,5.53,1,394
248,2.66,27.9,1.021,815,5.33,0,385
345,6.81,26.0,1.026,907,5.27,0,448
402,0.65,25.3,1.017,668,4.91,1,252
153,13.0,17.7,1.021,873,5.44,1,516
90,12.68,23.6,1.017,364,6.19,1,297
132,0.65,15.8,1.015,531,5.53,0,87
143,4.49,35.8,1.023,876,5.64,1,308
15,0.17,9.8,1.011,251,6.81,1,141
284,9.39,11.3,1.015,416,6.76,1,178
307,1.27,21.4,1.011,443,6.27,0,124
373,3.53,21.4,1.021,725,5.21,1,443
82,7.82,17.4,1.024,854,5.62,1,385
63,6.63,21.4,1.018,577,6.19,1,214
358,9.39,27.6,1.025,956,6.03,1,473
80,1.06,11.3,1.01,343,7.2,0,126
16,2.17,11.2,1.01,408,6.63,0,224
361,1.93,10.9,1.011,187,7.38,0,87
344,2.21,11.3,1.019,408,6.21,1,224
33,2.21,23.6,1.021,781,5.53,0,349
55,5.67,21.4,1.02,631,6.03,0,422
199,1.17,17.8,1.01,443,5.41,1,124
383,5.09,29.0,1.02,876,6.79,1,308
28,2.45,11.2,1.021,725,4.91,0,443
228,1.03,11.3,1.01,242,6.88,0,64
411,7.68,22.2,1.018,455,6.28,1,270
259,1.27,20.9,1.011,443,7.01,0,101
203,3.93,23.6,1.019,579,5.53,1,297
